[{"start_date":"2015-05-11 00:00","end_date":"2015-05-18 00:00","id":"7","text":"ATP Master Tennis","details":"La Caja Magica.\nMadrid, Spain"},{"start_date":"2015-05-16 15:00","end_date":"2015-05-16 18:00","id":"15","text":" Parc Izvor ","details":" Bucharest, Romania "},{"start_date":"2015-05-21 14:00","end_date":"2015-05-21 17:00","id":"16","text":" Arena Zagreb ","details":" Zagreb, Croatia "},{"start_date":"2015-05-23 11:00","end_date":"2015-05-23 14:00","id":"17","text":" Gwardia Stadium ","details":" Warsaw, Poland "},{"start_date":"2015-05-24 00:00","end_date":"2015-06-08 00:00","id":"2","text":"French Open","details":"Philippe-Chatrier Court \nParis, FRA"},{"start_date":"2015-05-25 19:00","end_date":"2015-05-25 22:00","id":"18","text":" Skonto Stadium - Riga ","details":" Riga, Latvia "},{"start_date":"2015-05-27 15:00","end_date":"2015-05-27 18:00","id":"19","text":" Zalgirio Stadionas ","details":" Vilnius, Lithuania "},{"start_date":"2015-05-30 17:00","end_date":"2015-05-30 20:00","id":"20","text":" O2 Dome ","details":" London, ENG "},{"start_date":"2015-05-31 16:00","end_date":"2015-05-31 19:00","id":"21","text":" Evenemententerrein Megaland ","details":" Landgraaf, NL "},{"start_date":"2015-06-02 10:00","end_date":"2015-06-02 13:00","id":"22","text":" HSH Nordbank Arena (formerly AOL Arena) ","details":" Hamburg, GER "},{"start_date":"2015-06-04 11:00","end_date":"2015-06-04 14:00","id":"23","text":" LTU Arena ","details":" Dusseldorf, GER "},{"start_date":"2015-06-05 12:00","end_date":"2015-06-05 15:00","id":"24","text":" LTU Arena ","details":" Dusseldorf, GER "},{"start_date":"2015-06-07 20:00","end_date":"2015-06-07 23:00","id":"25","text":" Zentralstadion - Leipzig ","details":" Leipzig, GER "},{"start_date":"2015-06-08 17:00","end_date":"2015-06-08 20:00","id":"26","text":" Zentralstadion - Leipzig ","details":" Leipzig, GER "},{"start_date":"2015-06-10 00:00","end_date":"2015-06-13 00:00","id":"3","text":"Aegon Championship","details":"The Queens Club \nLondon, ENG"},{"start_date":"2015-06-10 14:00","end_date":"2015-06-10 17:00","id":"27","text":" Olympiastadion - Berlin ","details":" Berlin, GER "},{"start_date":"2015-06-12 14:00","end_date":"2015-06-12 17:00","id":"28","text":" Commerz Bank Arena ","details":" Frankfurt, GER "},{"start_date":"2015-06-13 11:00","end_date":"2015-06-13 14:00","id":"29","text":" Olympic Stadium - Munich ","details":" Munich, GER "},{"start_date":"2015-06-16 19:00","end_date":"2015-06-16 22:00","id":"30","text":" Stadio Olimpico ","details":" Rome, Italy "},{"start_date":"2015-06-18 20:00","end_date":"2015-06-18 23:00","id":"31","text":" Comunale Giuseppe Meazza - San Siro ","details":" Milan, Italy "},{"start_date":"2015-06-21 00:00","end_date":"2015-07-05 00:00","id":"4","text":"Wimbledon","details":"Wimbledon\nJune 21, 2014 - July 5, 2014"},{"start_date":"2015-06-22 19:00","end_date":"2015-06-22 22:00","id":"32","text":" Inter Stadion Slovakia ","details":" Bratislava, Slovakia "},{"start_date":"2015-06-23 14:00","end_date":"2015-06-23 17:00","id":"33","text":" Puskas Ferenc Stadium ","details":" Budapest, Hungary "},{"start_date":"2015-06-25 10:00","end_date":"2015-06-25 13:00","id":"34","text":" Slavia Stadion ","details":" Prague, Czech Republic "},{"start_date":"2015-06-27 19:00","end_date":"2015-06-27 22:00","id":"35","text":" Stade de France - Paris ","details":" Paris, FRA "},{"start_date":"2015-06-30 18:00","end_date":"2015-06-30 21:00","id":"36","text":" Parken Stadium ","details":" Copenhagen, DK "},{"start_date":"2015-07-02 18:00","end_date":"2015-07-02 21:00","id":"37","text":" Koengen ","details":" Bergen, Norway "},{"start_date":"2015-07-03 11:00","end_date":"2015-07-03 14:00","id":"38","text":" Folkets Park ","details":" Malmo, SE "},{"start_date":"2015-07-08 18:00","end_date":"2015-07-08 21:00","id":"39","text":" Estadio Jose Zorila ","details":" Valladolid, Spain "},{"start_date":"2015-07-11 10:00","end_date":"2015-07-11 13:00","id":"40","text":" Bessa Stadium ","details":" Porto, Portugal "},{"start_date":"2015-07-12 14:00","end_date":"2015-07-12 17:00","id":"41","text":" Estadio Olimpico - Seville ","details":" Seville, Spain "},{"start_date":"2015-07-18 00:00","end_date":"2015-07-27 00:00","id":"5","text":"Indianapolis Tennis Championships","details":"Indianapolis Tennis Center \nIndianapolis, IN"},{"start_date":"2015-07-24 16:00","end_date":"2015-07-24 19:00","id":"42","text":" Molson Amphitheatre ","details":" Toronto, ON "},{"start_date":"2015-07-25 18:00","end_date":"2015-07-25 21:00","id":"43","text":" Bell Centre ","details":" Montreal, QC "},{"start_date":"2015-07-27 00:00","end_date":"2015-08-02 00:00","id":"8","text":"Countrywide Classic Tennis","details":"Los Angeles Tennis Center. Los Angeles, CA  "},{"start_date":"2015-07-28 17:00","end_date":"2015-07-28 20:00","id":"44","text":" Nissan Pavilion ","details":" Bristow, VA "},{"start_date":"2015-07-31 12:00","end_date":"2015-07-31 15:00","id":"45","text":" Comcast Center - MA (formerly Tweeter Center) ","details":" Mansfield, MA "},{"start_date":"2015-08-01 00:00","end_date":"2015-08-11 00:00","id":"9","text":"Legg Mason Tennis Classic","details":"Fitzgerald Tennis Center\nWashington D.C."},{"start_date":"2015-08-01 15:00","end_date":"2015-08-01 18:00","id":"46","text":" Borgata Hotel Casino & Spa ","details":" Atlantic City, NJ "},{"start_date":"2015-08-03 14:00","end_date":"2015-08-03 17:00","id":"47","text":" Madison Square Garden ","details":" New York, NY "},{"start_date":"2015-08-04 15:00","end_date":"2015-08-04 18:00","id":"48","text":" Madison Square Garden ","details":" New York, NY "},{"start_date":"2015-08-07 00:00","end_date":"2015-08-17 00:00","id":"10","text":"Western & Southern Financial Group Women's Open","details":"Lindner Family Tennis Center\nMason, OH"},{"start_date":"2015-08-10 16:00","end_date":"2015-08-10 19:00","id":"49","text":" Key Arena ","details":" Seattle, WA "},{"start_date":"2015-08-15 00:00","end_date":"2015-08-24 00:00","id":"11","text":"Rogers Cup Women's Tennis","details":"Rexall Centre\nToronto, ON"},{"start_date":"2015-08-17 00:00","end_date":"2015-08-24 00:00","id":"14","text":"Western & Southern Financial Group Masters Tennis","details":"Lindner Family Tennis Center\nMason, OH"},{"start_date":"2015-08-29 00:00","end_date":"2015-09-14 00:00","id":"12","text":"US Open Tennis Championship","details":"Arthur Ashe Stadium\nFlushing, NY"},{"start_date":"2015-11-22 00:00","end_date":"2015-11-28 00:00","id":"13","text":"Barclays ATP World Tour Finals","details":"O2 Dome\nLondon, ENG\n"}]